-- THÊM NHÓM TÀI KHOẢN
INSERT NHOM_TAIKHOAN (MANHOM_TAIKHOAN,TENNHOM_TAIKHOAN)VALUES ('ADMIN','ADMIN')
INSERT NHOM_TAIKHOAN (MANHOM_TAIKHOAN,TENNHOM_TAIKHOAN)VALUES ('RESIDENT','CƯ DÂN')
INSERT NHOM_TAIKHOAN (MANHOM_TAIKHOAN,TENNHOM_TAIKHOAN)VALUES ('STAFF','NHÂN VIÊN')

-- THÊM TÀI KHOẢN
INSERT TAIKHOAN (TENDANGNHAP,MATKHAU,MANHOM_TAIKHOAN)VALUES('ADMIN','123','ADMIN')
INSERT TAIKHOAN (TENDANGNHAP,MATKHAU,MANHOM_TAIKHOAN) VALUES('USER','123','STAFF')
INSERT TAIKHOAN (TENDANGNHAP,MATKHAU,MANHOM_TAIKHOAN) VALUES('TOI','123','RESIDENT')
-- TÒA NHÀ
INSERT [dbo].[TOANHA] ([MABLOCK], [TENBLOCK]) VALUES (N'A', N'BLOCK A')
INSERT [dbo].[TOANHA] ([MABLOCK], [TENBLOCK]) VALUES (N'B', N'BLOCK B')
INSERT [dbo].[TOANHA] ([MABLOCK], [TENBLOCK]) VALUES (N'C', N'BLOCK C')

INSERT [dbo].[TANGLAU] ([MATANGLAU], [MABLOCK], [TENTANGLAU]) VALUES (N'TANG10A', N'A', N'TẦNG 10A')
INSERT [dbo].[TANGLAU] ([MATANGLAU], [MABLOCK], [TENTANGLAU]) VALUES (N'TANG1A', N'A', N'TẦNG 1A')
INSERT [dbo].[TANGLAU] ([MATANGLAU], [MABLOCK], [TENTANGLAU]) VALUES (N'TANG1B', N'B', N'TẦNG 1B')
INSERT [dbo].[TANGLAU] ([MATANGLAU], [MABLOCK], [TENTANGLAU]) VALUES (N'TANG1C', N'C', N'TẦNG 1C')
INSERT [dbo].[TANGLAU] ([MATANGLAU], [MABLOCK], [TENTANGLAU]) VALUES (N'TANG2A', N'A', N'TẦNG 2A')
INSERT [dbo].[TANGLAU] ([MATANGLAU], [MABLOCK], [TENTANGLAU]) VALUES (N'TANG2B', N'B', N'TẦNG 2B')
INSERT [dbo].[TANGLAU] ([MATANGLAU], [MABLOCK], [TENTANGLAU]) VALUES (N'TANG2C', N'C', N'TẦNG 2C')
INSERT [dbo].[TANGLAU] ([MATANGLAU], [MABLOCK], [TENTANGLAU]) VALUES (N'TANG3A', N'A', N'TẦNG 3A')
INSERT [dbo].[TANGLAU] ([MATANGLAU], [MABLOCK], [TENTANGLAU]) VALUES (N'TANG3B', N'B', N'TẦNG 3B')
INSERT [dbo].[TANGLAU] ([MATANGLAU], [MABLOCK], [TENTANGLAU]) VALUES (N'TANG3C', N'C', N'TẦNG 3C')
INSERT [dbo].[TANGLAU] ([MATANGLAU], [MABLOCK], [TENTANGLAU]) VALUES (N'TANG4A', N'A', N'TẦNG 4A')
INSERT [dbo].[TANGLAU] ([MATANGLAU], [MABLOCK], [TENTANGLAU]) VALUES (N'TANG4B', N'B', N'TẦNG 4B')
INSERT [dbo].[TANGLAU] ([MATANGLAU], [MABLOCK], [TENTANGLAU]) VALUES (N'TANG4C', N'C', N'TẦNG 4C')
INSERT [dbo].[TANGLAU] ([MATANGLAU], [MABLOCK], [TENTANGLAU]) VALUES (N'TANG5A', N'A', N'TẦNG 5A')
INSERT [dbo].[TANGLAU] ([MATANGLAU], [MABLOCK], [TENTANGLAU]) VALUES (N'TANG5B', N'B', N'TẦNG 5B')
INSERT [dbo].[TANGLAU] ([MATANGLAU], [MABLOCK], [TENTANGLAU]) VALUES (N'TANG5C', N'C', N'TẦNG 5C')
INSERT [dbo].[TANGLAU] ([MATANGLAU], [MABLOCK], [TENTANGLAU]) VALUES (N'TANG6A', N'A', N'TẦNG 6A')
INSERT [dbo].[TANGLAU] ([MATANGLAU], [MABLOCK], [TENTANGLAU]) VALUES (N'TANG7A', N'A', N'TẦNG 7A')
INSERT [dbo].[TANGLAU] ([MATANGLAU], [MABLOCK], [TENTANGLAU]) VALUES (N'TANG8A', N'A', N'TẦNG 8A')
INSERT [dbo].[TANGLAU] ([MATANGLAU], [MABLOCK], [TENTANGLAU]) VALUES (N'TANG9A', N'A', N'TẦNG 9A')

INSERT [dbo].[LOAICANHO] ([MALOAI_CH], [TENLOAI_CH], [DIENTICH], [SOPHONGNGU], [SONGUOITOIDA]) VALUES (N'CH1PHONG', N'MỘT PHÒNG NGỦ', 60, 1, 3)
INSERT [dbo].[LOAICANHO] ([MALOAI_CH], [TENLOAI_CH], [DIENTICH], [SOPHONGNGU], [SONGUOITOIDA]) VALUES (N'CH2PHONG', N'HAI PHÒNG NGỦ', 80, 2, 5)
INSERT [dbo].[LOAICANHO] ([MALOAI_CH], [TENLOAI_CH], [DIENTICH], [SOPHONGNGU], [SONGUOITOIDA]) VALUES (N'CH3PHONG', N'BA PHÒNG NGỦ', 105, 3, 7)

INSERT [dbo].[CANHO] ([MACANHO], [MATANGLAU], [MALOAI_CH], [TENCANHO], [SONGUOIO]) VALUES (N'A0201', N'TANG2A', N'CH1PHONG', N'A-02-01', 2)
INSERT [dbo].[CANHO] ([MACANHO], [MATANGLAU], [MALOAI_CH], [TENCANHO], [SONGUOIO]) VALUES (N'A0301', N'TANG3A', N'CH1PHONG', N'A-03-01', 3)
INSERT [dbo].[CANHO] ([MACANHO], [MATANGLAU], [MALOAI_CH], [TENCANHO], [SONGUOIO]) VALUES (N'A0509', N'TANG5A', N'CH2PHONG', N'A-05-09', 4)
INSERT [dbo].[CANHO] ([MACANHO], [MATANGLAU], [MALOAI_CH], [TENCANHO], [SONGUOIO]) VALUES (N'A0902', N'TANG9A', N'CH3PHONG', N'A-09-02', 6)
INSERT [dbo].[CANHO] ([MACANHO], [MATANGLAU], [MALOAI_CH], [TENCANHO], [SONGUOIO]) VALUES (N'B0305', N'TANG3B', N'CH2PHONG', N'B-03-05', 2)
INSERT [dbo].[CANHO] ([MACANHO], [MATANGLAU], [MALOAI_CH], [TENCANHO], [SONGUOIO]) VALUES (N'B0410', N'TANG4B', N'CH3PHONG', N'B-04-10', 6)
INSERT [dbo].[CANHO] ([MACANHO], [MATANGLAU], [MALOAI_CH], [TENCANHO], [SONGUOIO]) VALUES (N'C0201', N'TANG2C', N'CH2PHONG', N'C-02-01', 2)
INSERT [dbo].[CANHO] ([MACANHO], [MATANGLAU], [MALOAI_CH], [TENCANHO], [SONGUOIO]) VALUES (N'C0405', N'TANG4C', N'CH1PHONG', N'C-04-05', 1)
INSERT [dbo].[CANHO] ([MACANHO], [MATANGLAU], [MALOAI_CH], [TENCANHO], [SONGUOIO]) VALUES (N'C0510', N'TANG5C', N'CH3PHONG', N'C-05-10', 7)

INSERT [dbo].[CUDAN] ([MACUDAN], [TENCUDAN], [NGAYSINH], [SODIENTHOAI], [CHUNGMINHNHANDAN]) VALUES (N'CD0001', N'HUỲNH THỊ MỸ HÂN', CAST(N'1997-02-20' AS Date), N'0382760097', N'330802306')
INSERT [dbo].[CUDAN] ([MACUDAN], [TENCUDAN], [NGAYSINH], [SODIENTHOAI], [CHUNGMINHNHANDAN]) VALUES (N'CD0002', N'TRƯƠNG QUỐC THỊNH', CAST(N'1997-01-20' AS Date), N'0978999111', N'1234567899')
INSERT [dbo].[CUDAN] ([MACUDAN], [TENCUDAN], [NGAYSINH], [SODIENTHOAI], [CHUNGMINHNHANDAN]) VALUES (N'CD0003', N'NGUYỄN VĂN NGÂN', CAST(N'1992-01-01' AS Date), N'0987678999', N'7777666655')
INSERT [dbo].[CUDAN] ([MACUDAN], [TENCUDAN], [NGAYSINH], [SODIENTHOAI], [CHUNGMINHNHANDAN]) VALUES (N'CD0004', N'TRẦN HỮU HIẾU', CAST(N'1990-05-04' AS Date), N'0382770099', N'6789654323')
INSERT [dbo].[CUDAN] ([MACUDAN], [TENCUDAN], [NGAYSINH], [SODIENTHOAI], [CHUNGMINHNHANDAN]) VALUES (N'CD0005', N'BÙI QUỐC TUẤN', CAST(N'1989-05-07' AS Date), N'0989666444', N'6668883331')
INSERT [dbo].[CUDAN] ([MACUDAN], [TENCUDAN], [NGAYSINH], [SODIENTHOAI], [CHUNGMINHNHANDAN]) VALUES (N'CD0006', N'TRƯƠNG TRỌNG NGHĨA', CAST(N'1995-10-01' AS Date), N'0965333111', N'9998886665')
INSERT [dbo].[CUDAN] ([MACUDAN], [TENCUDAN], [NGAYSINH], [SODIENTHOAI], [CHUNGMINHNHANDAN]) VALUES (N'CD0007', N'NGUYỄN VĨ AN', CAST(N'2003-05-12' AS Date), N'0000000000', N'0000000000')
INSERT [dbo].[CUDAN] ([MACUDAN], [TENCUDAN], [NGAYSINH], [SODIENTHOAI], [CHUNGMINHNHANDAN]) VALUES (N'CD0008', N'DƯƠNG MAI LINH', CAST(N'2000-08-22' AS Date), N'0909066666', N'1111111111')
INSERT [dbo].[CUDAN] ([MACUDAN], [TENCUDAN], [NGAYSINH], [SODIENTHOAI], [CHUNGMINHNHANDAN]) VALUES (N'CD0009', N'HOÀNG NHẬT TÍN', CAST(N'1991-12-10' AS Date), N'0909444111', N'2222222222')
INSERT [dbo].[CUDAN] ([MACUDAN], [TENCUDAN], [NGAYSINH], [SODIENTHOAI], [CHUNGMINHNHANDAN]) VALUES (N'CD0010', N'NGUYỄN TRỌNG HIẾU', CAST(N'1990-01-10' AS Date), N'0919777333', N'3333333333')
INSERT [dbo].[CUDAN] ([MACUDAN], [TENCUDAN], [NGAYSINH], [SODIENTHOAI], [CHUNGMINHNHANDAN]) VALUES (N'CD0011', N'NGUYỄN HỒNG HOA', CAST(N'1977-10-01' AS Date), N'0909777333', N'5555555555')

INSERT [dbo].[NHANVIEN_TOANHA] ([MANHANVIEN], [TENNHANVIEN], [NGAYSINH], [SODIENTHOAI], [EMAIL]) VALUES (N'NV001', N'NGUYỄN VĂN HÒA', CAST(N'1995-12-01' AS Date), N'037888444', N'HOANV@GMAIL.COM')
INSERT [dbo].[NHANVIEN_TOANHA] ([MANHANVIEN], [TENNHANVIEN], [NGAYSINH], [SODIENTHOAI], [EMAIL]) VALUES (N'NV002', N'TRƯƠNG HỮU QUỐC', CAST(N'1992-02-05' AS Date), N'0989555111', N'QUOC1992@GMAIL.COM')
INSERT [dbo].[NHANVIEN_TOANHA] ([MANHANVIEN], [TENNHANVIEN], [NGAYSINH], [SODIENTHOAI], [EMAIL]) VALUES (N'NV003', N'BÙI QUỐC VIỄN', CAST(N'1991-10-18' AS Date), N'0918666222', N'VIENQUOC@GMAIL.COM')

INSERT [dbo].[DICHVU_CONGCONG] ([MA_DVCC], [TEN_DVCC], [DONVITINH]) VALUES (N'GYM', N'PHÒNG GYM', N'NGƯỜI/THÁNG')
INSERT [dbo].[DICHVU_CONGCONG] ([MA_DVCC], [TEN_DVCC], [DONVITINH]) VALUES (N'HOBOI_NGUOILON', N'HỒ BƠI DÀNH CHO NGƯỜI LỚN', N'NGƯỜI/THÁNG')
INSERT [dbo].[DICHVU_CONGCONG] ([MA_DVCC], [TEN_DVCC], [DONVITINH]) VALUES (N'HOBOI_TREEM', N'HỒ BƠI DÀNH CHO TRẺ EM', NULL)
INSERT [dbo].[DICHVU_CONGCONG] ([MA_DVCC], [TEN_DVCC], [DONVITINH]) VALUES (N'YOGA', N'PHÒNG YOGA', N'NGƯỜI/THÁNG')

INSERT [dbo].[DICHVU_DINHKY] ([MA_DVDK], [TEN_DVDK], [DONVITINH]) VALUES (N'DIEN', N'ĐIỆN', N'')
INSERT [dbo].[DICHVU_DINHKY] ([MA_DVDK], [TEN_DVDK], [DONVITINH]) VALUES (N'GIUXE', N'GIỮ XE', N'XE')
INSERT [dbo].[DICHVU_DINHKY] ([MA_DVDK], [TEN_DVDK], [DONVITINH]) VALUES (N'INTERNET', N'INTERNET', N'CĂN HỘ')
INSERT [dbo].[DICHVU_DINHKY] ([MA_DVDK], [TEN_DVDK], [DONVITINH]) VALUES (N'NUOC', N'NƯỚC', N'')
INSERT [dbo].[DICHVU_DINHKY] ([MA_DVDK], [TEN_DVDK], [DONVITINH]) VALUES (N'PHIANNINH', N'PHÍ AN NINH', N'CĂN HỘ')
INSERT [dbo].[DICHVU_DINHKY] ([MA_DVDK], [TEN_DVDK], [DONVITINH]) VALUES (N'PHIQUANLY', N'PHÍ QUẢN LÝ', N'M2')



INSERT [dbo].[CUDAN-CANHO] ([MACUDAN], [MACANHO], [NGAYBATDAUO], [NGAYHETO]) VALUES (N'CD0001', N'A0201', CAST(N'2020-05-01' AS Date), CAST(N'2999-05-01' AS Date))
INSERT [dbo].[CUDAN-CANHO] ([MACUDAN], [MACANHO], [NGAYBATDAUO], [NGAYHETO]) VALUES (N'CD0002', N'A0301', CAST(N'2020-05-01' AS Date), CAST(N'2999-05-01' AS Date))
INSERT [dbo].[CUDAN-CANHO] ([MACUDAN], [MACANHO], [NGAYBATDAUO], [NGAYHETO]) VALUES (N'CD0003', N'A0301', CAST(N'2020-05-01' AS Date), CAST(N'2999-05-01' AS Date))
INSERT [dbo].[CUDAN-CANHO] ([MACUDAN], [MACANHO], [NGAYBATDAUO], [NGAYHETO]) VALUES (N'CD0004', N'A0301', CAST(N'2020-05-01' AS Date), CAST(N'2999-05-01' AS Date))
INSERT [dbo].[CUDAN-CANHO] ([MACUDAN], [MACANHO], [NGAYBATDAUO], [NGAYHETO]) VALUES (N'CD0005', N'A0509', CAST(N'2020-05-02' AS Date), CAST(N'2999-05-02' AS Date))
INSERT [dbo].[CUDAN-CANHO] ([MACUDAN], [MACANHO], [NGAYBATDAUO], [NGAYHETO]) VALUES (N'CD0006', N'A0509', CAST(N'2020-05-02' AS Date), CAST(N'2999-05-02' AS Date))
INSERT [dbo].[CUDAN-CANHO] ([MACUDAN], [MACANHO], [NGAYBATDAUO], [NGAYHETO]) VALUES (N'CD0007', N'A0509', CAST(N'2020-05-15' AS Date), CAST(N'2999-05-20' AS Date))
INSERT [dbo].[CUDAN-CANHO] ([MACUDAN], [MACANHO], [NGAYBATDAUO], [NGAYHETO]) VALUES (N'CD0008', N'A0509', CAST(N'2020-05-15' AS Date), CAST(N'2999-05-15' AS Date))
INSERT [dbo].[CUDAN-CANHO] ([MACUDAN], [MACANHO], [NGAYBATDAUO], [NGAYHETO]) VALUES (N'CD0009', N'B0305', CAST(N'2020-05-01' AS Date), CAST(N'2999-05-01' AS Date))
INSERT [dbo].[CUDAN-CANHO] ([MACUDAN], [MACANHO], [NGAYBATDAUO], [NGAYHETO]) VALUES (N'CD0010', N'B0305', CAST(N'2020-05-01' AS Date), CAST(N'2999-05-01' AS Date))
INSERT [dbo].[CUDAN-CANHO] ([MACUDAN], [MACANHO], [NGAYBATDAUO], [NGAYHETO]) VALUES (N'CD0011', N'A0201', CAST(N'2020-05-01' AS Date), CAST(N'2999-05-01' AS Date))

INSERT [dbo].[GIA_DVCC] ([MAGIA_DVCC], [TENGIA_DVCC], [DONGIA_DVCC], [NGAYAPDUNG], [MA_DVCC]) VALUES (N'GIA_GYM', N'GIÁ GYM', 500000, CAST(N'2020-06-13' AS Date), N'GYM')
INSERT [dbo].[GIA_DVCC] ([MAGIA_DVCC], [TENGIA_DVCC], [DONGIA_DVCC], [NGAYAPDUNG], [MA_DVCC]) VALUES (N'GIA_YOGA', N'GIÁ YOGA', 500000, CAST(N'2020-06-13' AS Date), N'YOGA')
INSERT [dbo].[GIA_DVCC] ([MAGIA_DVCC], [TENGIA_DVCC], [DONGIA_DVCC], [NGAYAPDUNG], [MA_DVCC]) VALUES (N'HOBOI_NL', N'GIÁ HỒ BƠI CHO NGƯỜI LỚN', 300000, CAST(N'2020-06-13' AS Date), N'HOBOI_NGUOILON')
INSERT [dbo].[GIA_DVCC] ([MAGIA_DVCC], [TENGIA_DVCC], [DONGIA_DVCC], [NGAYAPDUNG], [MA_DVCC]) VALUES (N'HOBOI_TE', N'GIÁ HỒ BƠI CHO TRẺ EM', 150000, CAST(N'2020-06-13' AS Date), N'HOBOI_TREEM')

INSERT [dbo].[GIA_DVDK] ([MAGIA_DVDK], [TENGIA_DVDK], [DONGIA], [NGAYAPDUNG], [MA_DVDK]) VALUES (N'GIA_DIEN', NULL, NULL, NULL, N'DIEN')
INSERT [dbo].[GIA_DVDK] ([MAGIA_DVDK], [TENGIA_DVDK], [DONGIA], [NGAYAPDUNG], [MA_DVDK]) VALUES (N'GIA_NUOC', NULL, NULL, NULL, N'NUOC')
INSERT [dbo].[GIA_DVDK] ([MAGIA_DVDK], [TENGIA_DVDK], [DONGIA], [NGAYAPDUNG], [MA_DVDK]) VALUES (N'OTO_NGAY', N'Ô TÔ GỬI THEO NGÀY', 50000, CAST(N'2020-06-13' AS Date), N'GIUXE')
INSERT [dbo].[GIA_DVDK] ([MAGIA_DVDK], [TENGIA_DVDK], [DONGIA], [NGAYAPDUNG], [MA_DVDK]) VALUES (N'OTO_TANG', N'Ô TÔ QUÁ GIỚI HẠN ', 1500000, CAST(N'2020-06-13' AS Date), N'GIUXE')
INSERT [dbo].[GIA_DVDK] ([MAGIA_DVDK], [TENGIA_DVDK], [DONGIA], [NGAYAPDUNG], [MA_DVDK]) VALUES (N'OTO_THANG', N'Ô TÔ THEO THÁNG', 900000, CAST(N'2020-06-13' AS Date), N'GIUXE')
INSERT [dbo].[GIA_DVDK] ([MAGIA_DVDK], [TENGIA_DVDK], [DONGIA], [NGAYAPDUNG], [MA_DVDK]) VALUES (N'PHI_ANNINH', N'PHÍ AN NINH', 50000, CAST(N'2020-06-13' AS Date), N'PHIANNINH')
INSERT [dbo].[GIA_DVDK] ([MAGIA_DVDK], [TENGIA_DVDK], [DONGIA], [NGAYAPDUNG], [MA_DVDK]) VALUES (N'PHI_INTERNET', N'PHÍ INTERNET', 200000, CAST(N'2020-06-13' AS Date), N'INTERNET')
INSERT [dbo].[GIA_DVDK] ([MAGIA_DVDK], [TENGIA_DVDK], [DONGIA], [NGAYAPDUNG], [MA_DVDK]) VALUES (N'PHIQL', N'PHÍ QUẢN LÝ', 10000, CAST(N'2020-06-13' AS Date), N'PHIQUANLY')
INSERT [dbo].[GIA_DVDK] ([MAGIA_DVDK], [TENGIA_DVDK], [DONGIA], [NGAYAPDUNG], [MA_DVDK]) VALUES (N'XEMAY_NGAY', N'XE MÁY GỬI THEO NGÀY ', 5000, CAST(N'2020-06-13' AS Date), N'GIUXE')
INSERT [dbo].[GIA_DVDK] ([MAGIA_DVDK], [TENGIA_DVDK], [DONGIA], [NGAYAPDUNG], [MA_DVDK]) VALUES (N'XEMAY_TANG', N'XE MÁY QUÁ GIỚI HẠN', 300000, CAST(N'2020-06-13' AS Date), N'GIUXE')
INSERT [dbo].[GIA_DVDK] ([MAGIA_DVDK], [TENGIA_DVDK], [DONGIA], [NGAYAPDUNG], [MA_DVDK]) VALUES (N'XEMAY_THANG', N'XE MÁY THEO THÁNG', 150000, CAST(N'2020-06-13' AS Date), N'GIUXE')

INSERT [dbo].[DONGIA_CPTT] ([MAGIA_CPTT], [TENGIA_CPTT], [GIÁ], [NGAYAPDUNG], [MACHIPHI]) VALUES (N'GIACAYCANH', N'GIÁ CÂY CẢNH', 220000, CAST(N'2020-06-13' AS Date), N'PHICAYCANH')
INSERT [dbo].[DONGIA_CPTT] ([MAGIA_CPTT], [TENGIA_CPTT], [GIÁ], [NGAYAPDUNG], [MACHIPHI]) VALUES (N'LUONGBAOVE', N'LƯƠNG BẢO VỆ', 6500000, CAST(N'2020-06-13' AS Date), N'PHIBAOVE')
INSERT [dbo].[DONGIA_CPTT] ([MAGIA_CPTT], [TENGIA_CPTT], [GIÁ], [NGAYAPDUNG], [MACHIPHI]) VALUES (N'LUONGLAOCONG', N'LƯƠNG LAO CÔNG', 6500000, CAST(N'2020-06-13' AS Date), N'PHIVESINH')

INSERT [dbo].[HOADON_DVCC] ([MAHOADON_DVCC], [TENHOADON_DVCC], [TONGTIEN], [NGAYLAP], [MACUDAN], [MANHANVIEN]) VALUES (N'HDCC000001', N'GIẤY BÁO THANH TOÁN DỊCH VỤ CÔNG CỘNG', 800000, CAST(N'2020-06-01' AS Date), N'CD0001', N'NV001')
INSERT [dbo].[HOADON_DVCC] ([MAHOADON_DVCC], [TENHOADON_DVCC], [TONGTIEN], [NGAYLAP], [MACUDAN], [MANHANVIEN]) VALUES (N'HDCC000002', N'GIẤY BÁO THANH TOÁN DỊCH VỤ CÔNG CỘNG', 800000, CAST(N'2020-07-01' AS Date), N'CD0002', N'NV001')
INSERT [dbo].[HOADON_DVCC] ([MAHOADON_DVCC], [TENHOADON_DVCC], [TONGTIEN], [NGAYLAP], [MACUDAN], [MANHANVIEN]) VALUES (N'HDCC000003', N'GIẤY BÁO THANH TOÁN DỊCH VỤ CÔNG CỘNG', 1000000, CAST(N'2020-06-01' AS Date), N'CD0003', N'NV002')
INSERT [dbo].[HOADON_DVCC] ([MAHOADON_DVCC], [TENHOADON_DVCC], [TONGTIEN], [NGAYLAP], [MACUDAN], [MANHANVIEN]) VALUES (N'HDCC000004', N'GIẤY BÁO THANH TOÁN DỊCH VỤ CÔNG CỘNG', 800000, CAST(N'2020-07-01' AS Date), N'CD0003', N'NV002')

INSERT [dbo].[HOADON_DVDK] ([MAHOADON_DVDK], [TENHOADON_DVDK], [TONGTIEN], [NGAYLAP], [MACANHO], [MANHANVIEN]) VALUES (N'HDDK000001', N'GIẤY BÁO THANH TOÁN DỊCH VỤ ĐỊNH KỲ', NULL, CAST(N'2020-06-01' AS Date), N'A0201', N'NV001')

INSERT [dbo].[CHITIETHOADON_DVCC] ([MAHOADON_DVCC], [MA_DVCC]) VALUES (N'HDCC000001', N'GYM')
INSERT [dbo].[CHITIETHOADON_DVCC] ([MAHOADON_DVCC], [MA_DVCC]) VALUES (N'HDCC000001', N'HOBOI_NGUOILON')
INSERT [dbo].[CHITIETHOADON_DVCC] ([MAHOADON_DVCC], [MA_DVCC]) VALUES (N'HDCC000002', N'YOGA')
INSERT [dbo].[CHITIETHOADON_DVCC] ([MAHOADON_DVCC], [MA_DVCC]) VALUES (N'HDCC000002', N'HOBOI_NGUOILON')
INSERT [dbo].[CHITIETHOADON_DVCC] ([MAHOADON_DVCC], [MA_DVCC]) VALUES (N'HDCC000003', N'GYM')
INSERT [dbo].[CHITIETHOADON_DVCC] ([MAHOADON_DVCC], [MA_DVCC]) VALUES (N'HDCC000003', N'YOGA')
INSERT [dbo].[CHITIETHOADON_DVCC] ([MAHOADON_DVCC], [MA_DVCC]) VALUES (N'HDCC000004', N'GYM')
INSERT [dbo].[CHITIETHOADON_DVCC] ([MAHOADON_DVCC], [MA_DVCC]) VALUES (N'HDCC000004', N'HOBOI_NGUOILON')

INSERT [dbo].[CHIPHI_THANHTOAN] ([MACHIPHI], [TENCHIPHI], [DONVITINH]) VALUES (N'PHIBAOVE', N'PHÍ BẢO VỆ', N'NGƯỜI/THÁNG')
INSERT [dbo].[CHIPHI_THANHTOAN] ([MACHIPHI], [TENCHIPHI], [DONVITINH]) VALUES (N'PHICAYCANH', N'PHÍ CÂY CẢNH', N'CÂY/THÁNG')
INSERT [dbo].[CHIPHI_THANHTOAN] ([MACHIPHI], [TENCHIPHI], [DONVITINH]) VALUES (N'PHIVESINH', N'PHÍ VỆ SINH', N'THÁNG')

------------------------
